# Name,    Type, SubType,  Offset,   Size,     Flags
# 16 MB Flash (N16R8). PWA ("spiffs") und persistente Daten ("storage") sind
# getrennt, damit `pio run -e esp32s3 -t uploadfs` die Daten nicht mehr loescht.
nvs,       data, nvs,      0x9000,   0x5000,
otadata,   data, ota,      0xe000,   0x2000,
app0,      app,  ota_0,    0x10000,  0x640000,
app1,      app,  ota_1,    0x650000, 0x640000,
spiffs,    data, spiffs,   0xc90000, 0x200000,
storage,   data, spiffs,   0xe90000, 0x160000,
coredump,  data, coredump, 0xff0000, 0x10000,
